{
  "id": "00000000-0000-0000-0000-000000000000",
  "schemaVersion": "core.meshery.io/v1beta1",
  "version": "v1.0.0",
  "displayName": "Sub Namespace",
  "description": "",
  "format": "JSON",
  "model": {
   "id": "00000000-0000-0000-0000-000000000000",
   "schemaVersion": "core.meshery.io/v1beta1",
   "version": "v1.0.0",
   "name": "accurate",
   "displayName": "Accurate",
   "description": "",
   "status": "ignored",
   "hostID": "00000000-0000-0000-0000-000000000000",
   "registrant": {
    "hostname": "artifacthub"
   },
   "category": {
    "name": "Provisioning",
    "metadata": null
   },
   "subCategory": "",
   "metadata": {
    "source_uri": "https://github.com/cybozu-go/accurate/releases/download/accurate-chart-0.7.2/accurate-0.7.2.tgz"
   },
   "model": {
    "version": "0.5.0"
   },
   "components": null,
   "relationships": null
  },
  "metadata": {
   "capabilities": "",
   "defaultData": "",
   "genealogy": "",
   "isAnnotation": false,
   "isModelAnnotation": "FALSE",
   "isNamespaced": true,
   "logoURL": "None",
   "model": "accurate",
   "modelDisplayName": "Accurate",
   "primaryColor": "#14191f",
   "secondaryColor": "#14191f",
   "shape": "circle",
   "shapePolygonPoints": "",
   "status": "ignored",
   "styleOverrides": "",
   "styles": "",
   "subCategory": "",
   "svgColor": "",
   "svgComplete": "",
   "svgWhite": ""
  },
  "component": {
   "kind": "SubNamespace",
   "version": "accurate.cybozu.com/v1",
   "schema": "{\n \"description\": \"SubNamespace is the Schema for the subnamespaces API\",\n \"properties\": {\n  \"spec\": {\n   \"description\": \"Spec is the spec of SubNamespace.\",\n   \"properties\": {\n    \"annotations\": {\n     \"additionalProperties\": {\n      \"type\": \"string\"\n     },\n     \"description\": \"Annotations are the annotations to be propagated to the sub-namespace.\",\n     \"type\": \"object\"\n    },\n    \"labels\": {\n     \"additionalProperties\": {\n      \"type\": \"string\"\n     },\n     \"description\": \"Labels are the labels to be propagated to the sub-namespace\",\n     \"type\": \"object\"\n    }\n   },\n   \"type\": \"object\"\n  }\n },\n \"title\": \"Sub Namespace\",\n \"type\": \"object\"\n}"
  }
 }