{
  "id": "00000000-0000-0000-0000-000000000000",
  "schemaVersion": "core.meshery.io/v1beta1",
  "version": "v1.0.0",
  "name": "accurate",
  "displayName": "Accurate",
  "description": "",
  "status": "ignored",
  "hostID": "00000000-0000-0000-0000-000000000000",
  "registrant": {
   "hostname": "artifacthub"
  },
  "category": {
   "name": "Provisioning",
   "metadata": null
  },
  "subCategory": "Security \u0026 Compliance",
  "metadata": {
   "isAnnotation": false,
   "published": false,
   "subCategory": "Security \u0026 Compliance",
   "svgColor": "",
   "svgComplete": "",
   "svgWhite": ""
  },
  "model": {
   "version": "0.5.0"
  },
  "components": null,
  "relationships": null
 }